Chronic renal insufficiency,No,Yes,All
No,0.4592511013215859,0.046255506607929514,0.5055066079295154
Yes,0.44273127753303965,0.051762114537444934,0.4944933920704846
All,0.9019823788546255,0.09801762114537445,1.0
